{"Id": 100101, "Name": "伦敦桥", "Icon": "ldq", "TimeSpeed": 1.0, "BeatMoveSpeed": 0.06, "Beats": [5, 6, 5, 4, 3, 4, 5, 2, 3, 4, 3, 4, 5, 5, 6, 5, 4, 3, 4, 5, 2, 5, 3, 1], "TimePoints": [1.125, 1.5, 2.25, 3.0, 3.75, 4.5, 6.0, 6.75, 7.5, 9.0, 9.75, 10.5, 12.0, 13.125, 13.5, 14.25, 15.0, 15.75, 16.5, 18.0, 19.5, 21.0, 21.75, 24.0]}
{"Id": 100102, "Name": "数鸭子", "Icon": "syz", "TimeSpeed": 0.6, "BeatMoveSpeed": 0.06, "Beats": [3, 1, 3, 3, 1, 3, 3, 5, 6, 5, 6, 6, 5, 5, 4, 4, 4, 2, 3, 2, 1, 2, 3, 1, 3, 1, 3, 3, 5, 6, 6, 8, 5, 5, 6, 3, 2, 2, 5, 8, 5, 5, 6, 3, 2, 2, 1], "TimePoints": [0.0, 0.8352, 1.5552, 1.92959856, 2.41919856, 3.13919856, 3.51359712, 3.88799712, 4.26239712, 4.75199712, 6.30719568, 6.71039568, 7.08479424, 7.45919424, 7.89119424, 8.2943928, 8.7263928, 9.5039928, 9.93599136, 10.31039136, 10.65599136, 11.05919136, 12.5856144, 13.42083456, 14.25605328, 15.091272, 15.8400864, 16.2721008, 16.6753152, 17.0497152, 17.4817296, 18.9793584, 19.8433872, 20.2177872, 20.6498016, 21.456216, 22.2338304, 23.0114592, 23.8466736, 25.3155024, 26.1795312, 26.5827312, 27.0147456, 27.76356, 28.6563744, 29.4628032, 30.2116176]}
{"Id": 100103, "Name": "丢手绢", "Icon": "dsj", "TimeSpeed": 0.6, "BeatMoveSpeed": 0.06, "Beats": [5, 3, 5, 3, 5, 3, 2, 3, 5, 5, 5, 3, 6, 5, 3, 5, 3, 2, 1, 2, 3, 5, 3, 2, 1, 2, 3, 6, 5, 6, 5, 2, 3, 5, 6, 5, 6, 5, 2, 3, 1], "TimePoints": [1.125, 1.5, 2.625, 3.0, 3.375, 3.75, 4.125, 4.5, 6.0, 6.375, 7.125, 7.5, 8.25, 9.0, 9.375, 9.75, 10.125, 10.5, 11.25, 12.0, 12.75, 13.5, 13.875, 14.25, 14.625, 15.0, 16.5, 16.875, 17.25, 17.625, 18.0, 18.375, 18.75, 19.5, 19.875, 20.25, 20.625, 21.0, 21.75, 22.5, 24.0]}
{"Id": 100104, "Name": "上学歌", "Icon": "sxg", "TimeSpeed": 0.6, "BeatMoveSpeed": 0.06, "Beats": [1, 2, 3, 1, 5, 6, 6, 8, 6, 5, 6, 6, 8, 5, 6, 3, 6, 5, 3, 5, 3, 1, 2, 3, 1, 1, 2, 3, 1, 5, 6, 6, 8, 6, 5, 6, 6, 8, 5, 6, 3, 6, 5, 3, 5, 3, 1, 2, 3, 1], "TimePoints": [0.0, 0.4032, 0.8352, 1.295999568, 1.84319856, 3.51359712, 3.88799712, 4.26239712, 4.63679712, 5.18399568, 6.94079424, 7.37279424, 7.80479424, 8.6687928, 9.1007928, 9.5039928, 10.31039136, 10.74239136, 11.11679136, 11.54879136, 11.952, 12.41281152, 12.81602016, 13.2192288, 13.70884032, 15.4944864, 15.9552864, 16.3873008, 16.7905152, 17.3377296, 18.9217584, 19.3537728, 19.7281728, 20.1025872, 20.5634016, 22.2050304, 22.6370448, 22.9826592, 23.9330736, 24.336288, 24.768288, 25.6035168, 26.0643168, 26.5251312, 26.9571456, 27.3891456, 27.82116, 28.2531744, 28.6851888, 29.2035888]}
{"Id": 100105, "Name": "两只老虎", "Icon": "lzlh", "TimeSpeed": 0.6, "BeatMoveSpeed": 0.06, "Beats": [1, 2, 3, 1, 1, 2, 3, 1, 3, 4, 5, 3, 4, 5, 5, 6, 5, 4, 3, 1, 5, 6, 5, 4, 3, 1, 3, 1, 2, 3, 1, 2], "TimePoints": [0.0, 0.648, 1.272, 1.8479988, 2.4239988, 3.0719976, 3.5999976, 4.2239964, 4.8959964, 5.4239964, 6.0239952, 7.199994, 7.799994, 8.3999928, 9.5759916, 9.9119988, 10.200006, 10.5120132, 10.8480204, 11.3760324, 11.9280456, 12.216048, 12.55206, 12.864072, 13.200072, 13.776084, 14.424108, 14.97612, 15.576132, 16.776156, 17.376168, 17.97618]}
{"Id": 100106, "Name": "小毛驴", "Icon": "xml", "TimeSpeed": 0.6, "BeatMoveSpeed": 0.06, "Beats": [1, 1, 1, 3, 5, 5, 5, 5, 6, 6, 6, 8, 5, 4, 4, 6, 6, 3, 3, 3, 3, 2, 2, 2, 2, 5, 5, 1, 1, 1, 3, 5, 5, 5, 5, 6, 6, 6, 8, 5, 4, 4, 4, 6, 3, 3, 3, 3, 3, 2, 2, 2, 3, 1], "TimePoints": [0.0, 0.4704, 0.9744, 1.444799496, 1.98239832, 2.51999832, 2.99039832, 3.56159832, 4.03199664, 4.53599664, 5.10719664, 5.54399664, 6.04799496, 8.13119328, 8.56799328, 9.10559328, 9.6095916, 10.1471916, 10.7183916, 11.1551916, 11.72638992, 12.19678992, 12.73438992, 13.17118824, 13.67519496, 14.24640672, 15.89284536, 16.39685712, 16.8672672, 17.404884, 17.875284, 18.3793008, 18.9169176, 19.4209176, 19.9585344, 20.4961512, 21.000168, 21.504168, 22.0081848, 22.5794016, 24.595452, 25.065852, 25.5362688, 26.0738856, 26.5778856, 26.8803024, 27.1155024, 27.3843024, 28.1235192, 28.728336, 29.1987528, 29.7363528, 30.1731696, 30.7443864]}
{"Id": 100107, "Name": "小兔子乖乖", "Icon": "xtzgg", "TimeSpeed": 0.6, "BeatMoveSpeed": 0.06, "Beats": [5, 8, 6, 5, 5, 3, 5, 6, 8, 5, 5, 6, 5, 3, 2, 2, 3, 5, 3, 2, 3, 1, 6, 5, 6, 5, 3, 6, 5, 5, 5, 3, 2, 1, 1, 1, 2, 3, 1], "TimePoints": [0.75, 1.125, 1.5, 2.25, 3.0, 3.375, 3.75, 4.125, 4.5, 5.25, 6.0, 6.75, 7.125, 7.5, 8.25, 9.0, 9.75, 10.125, 10.5, 10.875, 11.25, 12.0, 12.75, 13.5, 14.25, 15.0, 15.75, 16.5, 17.25, 17.625, 18.0, 18.375, 18.75, 20.25, 20.625, 21.0, 21.375, 21.75, 23.25]}
{"Id": 100108, "Name": "小星星", "Icon": "xxx", "TimeSpeed": 0.6, "BeatMoveSpeed": 0.06, "Beats": [1, 1, 5, 5, 6, 6, 5, 4, 4, 3, 3, 2, 2, 1, 5, 5, 4, 4, 3, 3, 2, 5, 5, 4, 4, 3, 3, 2, 1, 1, 5, 5, 6, 6, 5, 4, 4, 3, 3, 2, 2, 1], "TimePoints": [0.0, 0.5304, 1.060799844, 1.6224, 2.18399844, 2.71439844, 3.30719844, 4.49279688, 4.99199688, 5.55359532, 6.05279532, 6.61439532, 7.14479532, 7.73759376, 8.82959376, 9.4223922, 9.9215922, 10.5143922, 11.10719064, 11.66879064, 12.23038908, 13.32240936, 13.91522184, 14.47683588, 15.06964836, 15.6000624, 16.161678, 16.7232936, 17.7841092, 18.4081248, 18.9385404, 19.500156, 20.061756, 20.5921716, 21.0913872, 22.3082184, 22.869834, 23.462634, 23.9618496, 24.5546652, 25.0538808, 25.6466964]}
{"Id": 100109, "Name": "新年快乐", "Icon": "xnkl", "TimeSpeed": 0.6, "BeatMoveSpeed": 0.06, "Beats": [1, 1, 1, 5, 3, 3, 3, 5, 1, 3, 5, 5, 4, 3, 2, 2, 3, 4, 4, 3, 2, 3, 1, 1, 3, 2, 5, 8, 2, 1, 1, 1, 1, 5, 3, 3, 3, 5, 1, 3, 5, 5, 4, 3, 2, 2, 3, 4, 4, 3, 2, 3, 1, 1, 3, 2, 5, 8, 2, 1], "TimePoints": [0.0, 0.24, 0.66000015, 1.4099994, 2.0999985, 2.4299985, 2.8499985, 3.629997, 4.319997, 4.709997, 5.0999955, 5.8799955, 6.5999955, 6.9299955, 7.319994, 8.8499925, 9.2399925, 9.6299925, 10.349991, 11.129991, 11.519991, 11.8799895, 12.6600045, 13.350021, 13.7100285, 14.130039, 14.8800555, 15.600075, 15.960075, 16.44009, 18.060135, 18.390135, 18.78015, 19.410165, 20.07018, 20.43018, 20.880195, 21.63021, 22.350225, 22.71024, 23.13024, 23.850255, 24.60027, 24.960285, 25.3503, 26.88033, 27.300345, 27.630345, 28.38036, 29.130375, 29.52039, 29.910405, 30.66042, 31.410435, 31.740435, 32.25045, 32.850465, 33.57048, 33.900495, 34.290495]}
{"Id": 100110, "Name": "一分钱", "Icon": "yfq", "TimeSpeed": 0.5, "BeatMoveSpeed": 0.06, "Beats": [5, 8, 6, 8, 5, 3, 5, 2, 3, 5, 3, 5, 6, 8, 5, 6, 5, 3, 5, 1, 3, 2, 3, 2, 1, 2, 3, 6, 5, 3, 5, 6, 5, 8, 6, 5, 3, 5, 2, 5, 2, 3, 1], "TimePoints": [0.0, 0.72, 1.4399988, 1.7999988, 2.1599988, 2.8079976, 3.1439976, 3.5039976, 3.8159976, 4.1999964, 5.5919964, 5.9519952, 6.2639952, 6.5999952, 6.959994, 7.271994, 7.607994, 7.943994, 8.3039928, 8.6879928, 9.3888888, 9.671994, 11.1120264, 11.4720348, 11.784042, 12.072048, 12.48006, 13.920096, 14.256096, 14.592108, 14.928108, 15.38412, 16.560156, 16.920156, 17.256168, 17.61618, 18.00018, 18.336192, 18.648204, 19.368216, 19.680216, 20.37624, 20.760252]}
{"Id": 100111, "Name": "一月（圣诞歌）", "Icon": "sdj", "TimeSpeed": 0.6, "BeatMoveSpeed": 0.1, "Beats": [3, 3, 3, 3, 3, 3, 3, 5, 1, 2, 3, 4, 4, 4, 4, 4, 3, 3, 3, 3, 3, 2, 2, 1, 2, 5, 3, 3, 3, 3, 3, 3, 3, 5, 1, 2, 3, 4, 4, 4, 4, 4, 3, 3, 3, 3, 5, 5, 4, 2, 1], "TimePoints": [0.375, 0.75, 1.5, 1.875, 2.25, 3.0, 3.375, 3.75, 4.3125, 4.5, 6.0, 6.375, 6.75, 7.3125, 7.5, 7.875, 8.25, 8.625, 8.8125, 9.0, 9.375, 9.75, 10.125, 10.5, 11.25, 12.0, 12.375, 12.75, 13.5, 13.875, 14.25, 15.0, 15.375, 15.75, 16.3125, 16.5, 18.0, 18.375, 18.75, 19.3125, 19.5, 19.875, 20.25, 20.625, 20.8125, 21.0, 21.375, 21.75, 22.125, 22.5, 24.0]}
{"Id": 100112, "Name": "十月（头发肩膀膝盖脚）", "Icon": "gbjb", "TimeSpeed": 0.6, "BeatMoveSpeed": 0.06, "Beats": [5, 6, 5, 4, 3, 4, 5, 2, 3, 4, 3, 4, 5, 5, 6, 5, 4, 3, 4, 5, 2, 2, 5, 5, 3, 3, 1], "TimePoints": [1.125, 1.5, 2.25, 3.0, 3.75, 4.5, 6.0, 6.75, 7.5, 9.0, 9.75, 10.5, 12.0, 13.125, 13.5, 14.25, 15.0, 15.75, 16.5, 18.0, 18.75, 19.5, 20.25, 21.0, 21.75, 22.5, 24.0]}
